x,y
29,211
197,222
399,487
465,346
64,414
410,162
68,199
378,206
90,27
465,98
114,184
388,247
369,449
268,14
498,239
63,275
298,77
228,435
243,12
398,166
116,9
52,462
386,144
489,286
176,95
372,188
407,21
295,450
401,23
298,138
70,45
178,460
279,348
181,109
218,428
476,90
430,378
426,471
318,71
115,96
128,175
303,43
424,41
144,266
184,268
94,81
459,447
305,136
197,136
197,373
200,352
56,245
484,428
289,71
135,31
315,230
421,492
234,393
54,409
37,146
110,333
251,445
256,117
138,336
467,405
171,488
318,130
0,307
41,328
494,40
116,50
21,233
255,461
123,239
291,447
369,279
434,113
154,184
69,31
261,252
491,344
100,263
171,311
443,187
11,215
344,216
229,407
280,130
261,55
226,465
226,472
235,99
326,414
257,422
92,418
253,84
130,167
295,139
367,182
91,274
388,260
137,435
459,349
59,263
237,282
59,11
325,423
207,462
21,4
285,92
446,133
250,87
463,24
17,400
441,194
381,256
18,410
329,407
251,52
325,305
291,17
421,369
324,269
212,92
115,468
190,92
365,402
22,152
44,213
178,126
256,204
368,24
213,380
374,151
357,293
238,403
259,342
84,107
334,83
341,132
80,156
20,358
322,98
174,8
307,286
471,444
407,289
440,463
298,203
285,489
194,161
392,387
4,133
494,204
495,430
43,127
60,301
139,459
105,163
112,114
293,75
339,265
363,303
226,299
448,227
286,492
10,232
340,102
3,171
225,87
437,353
171,61
44,343
111,15
153,1
170,346
305,485
260,450
244,137
330,353
447,215
301,421
257,68
345,438
367,210
424,374
358,181
133,148
336,411
302,21
356,42
325,231
227,410
169,488
129,382
361,308
477,234
192,229
292,426
44,393
312,276
245,435
426,199
73,269
219,48
1,141
274,381
187,309
206,204
111,439
222,137
412,266
337,476
397,50
422,87
191,464
396,247
245,431
279,359
358,418
213,257
248,172
108,181
298,132
67,226
268,456
20,343
179,392
48,492
52,255
91,364
232,73
103,117
359,273
433,232
29,172
300,311
278,150
432,107
21,366
316,135
327,390
474,205
160,160
249,257
421,263
325,200
243,171
51,387
351,239
458,35
164,291
287,137
28,96
282,363
9,375
7,323
37,295
321,456
351,54
143,341
391,31
144,455
300,38
328,219
263,143
428,88
369,158
404,482
71,51
325,124
412,416
211,455
496,384
19,58
353,374
287,271
316,363
322,62
441,25
248,53
173,171
428,408
70,417
324,273
353,259
362,22
219,24
254,248
491,175
162,399
236,365
493,426
391,34
222,263
303,387
302,259
262,446
45,342
105,86
201,365
103,298
405,278
63,357
159,366
185,234
427,390
441,455
76,404
344,180
224,359
292,384
221,175
220,478
164,354
305,294
249,263
278,41
304,341
178,129
413,256
289,6
150,202
90,146
300,133
182,55
498,135
444,412
464,312
345,83
365,447
298,299
177,326
223,381
495,468
425,499
484,270
361,494
24,372
319,65
375,368
141,204
247,229
29,171
118,60
450,31
366,385
391,30
8,443
291,59
75,448
19,30
452,292
419,69
405,295
104,319
179,18
58,135
318,350
145,286
495,465
170,486
432,244
42,314
305,189
112,223
221,88
55,98
392,434
115,189
65,317
236,247
451,475
241,175
298,77
34,200
166,284
193,406
91,42
467,432
141,323
388,474
322,320
68,147
262,94
477,25
318,196
77,324
18,169
85,373
48,91
97,401
467,401
128,245
157,112
383,254
134,400
208,200
20,358
469,43
148,64
141,343
434,404
379,436
301,25
233,153
319,163
134,312
253,378
277,86
44,323
151,304
66,281
348,156
174,464
260,398
55,48
247,335
220,487
247,109
180,317
473,312
260,166
412,244
407,248
388,152
83,276
453,387
34,15
67,426
250,459
226,43
242,122
124,496
204,12
332,137
124,6
298,385
187,145
187,218
95,4
101,69
81,462
355,5
97,417
461,139
393,10
158,62
84,300
310,205
247,179
342,271
206,476
415,194
346,244
119,425
79,489
446,279
59,44
357,35
52,319
109,442
125,401
406,235
480,375
354,93
74,476
484,278
234,499
485,158
400,94
285,13
78,45
23,264
198,484
117,371
355,281
358,108
125,102
397,50
139,227
227,267
126,1
103,174
412,476
336,299
494,53
463,350
61,350
218,198
334,379
427,264
156,494
398,198
458,327
182,465
354,349
84,354
307,374
265,270
388,320
187,378
102,325
86,147
62,400
72,152
95,34
315,497
282,350
257,123
249,202
264,5
81,67
213,243
355,29
372,297
61,470
435,441
270,433
333,442
7,346
438,200
395,163
475,27
87,260
361,123
227,209
321,445
375,26
164,364
373,445
122,340
453,331
190,195
487,412
224,56
343,461
316,224
391,440
76,132
316,444
492,463
358,450
308,310
497,104
159,307
161,18
316,194
193,18
365,492
383,223
489,430
438,351
225,457
282,368
7,214
286,128
73,209
237,420
392,425
498,8
236,479
479,450
458,53
164,92
425,19
52,16
351,126
239,27
330,132
338,49
34,444
430,60
434,434
449,459
388,177
403,327
100,219
270,144
275,134
181,289
263,217
81,359
430,427
321,438
145,145
465,497
394,55
295,235
451,15
386,498
5,127
103,343
183,140
382,191
309,178
69,199
102,428
426,357
300,119
491,422
333,493
229,42
170,2
335,241
322,327
393,240
223,122
249,247
106,331
429,106
164,424
63,262
326,252
391,9
323,347
91,263
100,328
129,54
218,138
448,464
463,229
254,369
126,376
433,286
172,23
353,273
447,454
42,154
447,322
23,213
140,379
309,100
126,230
306,221
328,460
13,288
52,477
247,379
141,498
494,500
142,285
202,440
440,128
9,231
237,474
449,180
500,380
222,226
358,182
363,402
35,390
213,449
75,484
119,67
203,218
219,358
53,152
314,130
284,445
160,96
88,114
55,391
299,0
67,389
98,375
397,338
338,330
197,134
452,194
30,386
188,142
312,473
375,339
49,200
355,8
266,394
380,246
449,165
333,143
348,272
411,195
145,250
410,219
439,122
94,179
297,71
297,190
487,147
293,467
393,173
387,192
93,380
203,181
97,379
432,233
15,250
52,404
252,136
29,96
260,99
251,208
2,312
47,21
495,353
81,486
17,94
489,67
242,394
146,18
225,356
327,75
115,208
354,334
164,432
422,339
24,414
5,464
122,303
107,162
120,289
163,241
45,418
263,495
492,397
218,391
350,220
275,122
85,29
363,418
118,406
235,30
112,433
180,488
134,356
85,454
485,277
83,4
184,349
396,22
344,408
296,335
358,86
53,115
219,128
92,348
359,498
284,152
416,154
191,177
207,449
232,484
145,152
307,8
156,181
226,252
166,232
277,436
26,392
244,394
277,485
55,154
45,242
136,0
464,372
261,280
156,98
203,29
133,183
465,295
351,496
439,264
87,9
170,359
51,320
430,464
399,489
448,100
91,467
469,99
251,141
463,11
200,93
8,280
395,215
437,225
317,219
232,473
483,148
31,395
117,69
389,471
334,295
80,64
69,404
230,83
116,331
32,112
415,153
391,418
290,221
33,376
235,5
486,221
64,240
347,415
259,362
11,462
50,411
216,148
173,268
118,290
422,310
238,313
54,311
114,253
384,275
500,479
370,103
211,95
354,69
100,422
444,103
390,117
339,114
385,372
343,176
135,217
180,172
96,12
203,52
8,461
185,260
112,246
485,390
443,102
138,285
190,360
443,424
302,10
343,74
54,305
476,411
442,377
466,321
9,271
402,475
63,31
64,342
273,443
452,478
495,272
364,193
291,305
114,84
397,461
484,394
370,289
373,371
14,474
196,329
411,367
107,267
50,344
369,380
360,469
189,405
58,284
305,387
414,196
280,13
462,312
390,183
163,304
128,36
492,365
164,375
409,89
6,112
500,216
241,492
302,380
156,191
47,94
340,234
386,225
367,376
247,364
455,158
199,51
59,143
323,54
156,74
134,354
331,365
392,447
41,171
356,358
488,128
403,487
173,436
336,137
364,361
158,88
171,230
273,455
321,109
313,494
367,18
95,94
92,425
222,483
432,356
72,101
373,345
1,347
253,280
127,399
392,222
135,387
274,239
161,226
294,266
9,348
407,287
246,127
130,178
194,412
497,366
218,402
246,230
488,122
62,196
2,279
199,75
371,131
90,200
299,254
115,178
369,382
293,218
418,304
455,340
156,117
434,76
287,300
315,157
260,85
300,424
362,149
43,22
500,390
310,316
173,400
33,279
247,167
2,474
419,23
442,317
370,449
486,157
209,226
366,173
61,458
359,479
153,105
312,355
138,423
100,418
228,43
239,369
30,46
194,74
374,398
248,107
77,191
300,278
16,69
94,139
146,133
396,166
463,11
222,325
167,110
345,485
436,125
135,96
410,102
99,323
192,266
498,424
393,265
45,189
109,100
40,299
166,24
78,260
58,64
100,200
53,452
459,231
331,398
54,347
152,454
51,485
195,51
149,417
404,226
232,13
88,328
163,42
332,467
39,137
247,148
335,341
341,81
252,42
10,204
117,457
240,93
303,184
7,179
180,290
467,472
135,317
458,343
21,443
477,50
409,241
418,21
211,299
1,499
221,102
381,408
188,488
350,343
329,268
59,206
292,235
277,292
461,356
276,221
307,229
237,88
451,426
212,25
472,368
428,403
361,43
454,229
72,193
94,195
429,88
184,337
37,54
180,221
110,190
464,417
26,180
404,82
404,69
64,247
479,450
232,44
118,184
197,334
321,28
127,29
106,209
424,415
148,238
1,386
58,33
273,85
141,228
491,53
73,93
190,116
90,499
153,394
72,151
394,343
429,52
257,235
81,245
265,99
118,275
140,262
335,152
360,21
121,254
116,204
355,390
111,85
79,47
458,250
172,352
456,210
295,4
360,250
36,459
461,86
138,253
447,34
369,162
384,228
283,53
274,477
276,251
414,104
153,251
234,475
19,358
351,33
338,239
360,70
189,497
59,150
433,426
333,404
63,183
168,491
121,257
292,493
290,106
191,325
204,291
436,22
402,221
92,141
343,228
121,301
52,400
213,150
128,62
96,472
193,500
225,113
399,409
344,122
70,335
499,327
490,94
306,72
494,414
434,329
231,311
290,285
290,182
150,485
376,302
191,352
66,302
436,36
135,302
366,494
139,236
275,110
381,94
156,247
342,2
297,439
500,151
110,495
106,297
36,42
179,263
280,18
284,46
355,308
223,230
316,69
235,198
9,166
492,335
289,77
72,269
357,449
113,426
138,470
393,120
297,428
440,209
100,26
372,3
456,183
0,86
25,222
173,433
226,175
234,299
340,109
492,298
104,372
352,219
145,63
414,103
235,236
233,139
432,287
207,474
99,381
309,391
337,30
466,460
50,355
178,453
405,459
449,106
297,315
247,480
219,198
227,263
382,6
288,314
249,212
206,307
210,263
275,268
343,157
51,376
204,120
331,418
366,493
315,485
492,51
68,269
493,152
196,190
436,44
61,223
301,379
439,380
282,435
498,466
325,106
33,313
433,43
16,296
135,491
264,169
119,352
346,73
282,207
270,109
325,364
25,265
26,34
258,98
293,464
247,366
271,351
324,212
443,445
194,157
181,186
470,283
306,376
173,66
272,84
93,282
304,180
340,422
201,215
431,217
84,189
310,65
229,129
462,113
345,162
124,124
348,259
188,58
277,441
458,56
218,498
47,305
469,218
404,288
280,130
239,55
308,361
342,192
151,120
251,72
30,370
375,225
380,249
427,350
288,132
70,129
489,481
328,377
173,251
410,338
353,6
19,477
196,315
376,184
19,96
59,12
453,151
123,488
179,340
17,83
103,207
230,58
372,373
314,312
54,275
43,118
166,412
354,480
375,311
311,41
477,329
476,25
451,429
258,408
91,72
184,61
233,442
408,283
272,83
499,249
429,373
80,215
224,464
51,132
266,185
349,96
375,478
28,387
323,395
234,373
139,145
127,200
225,146
298,136
260,305
388,459
332,198
264,328
145,483
489,422
183,322
84,380
28,54
377,388
3,453
187,230
381,336
435,351
115,499
251,321
55,447
465,282
115,190
430,155
52,426
280,386
374,388
208,298
7,316
270,48
204,497
143,103
201,427
416,309
265,430
137,294
4,499
117,24
364,125
161,203
20,228
474,205
297,478
288,194
67,348
49,269
360,59
91,455
147,287
367,209
283,5
6,255
83,453
319,245
236,7
474,488
134,150
204,381
195,490
466,141
276,262
162,372
401,430
429,130
42,332
291,438
423,215
252,249
325,296
371,5
37,80
15,298
235,420
200,140
342,56
248,57
292,119
438,223
13,265
359,213
107,66
489,433
468,408
311,28
435,357
476,224
466,108
426,68
316,341
150,49
294,208
197,331
324,204
455,360
355,241
117,1
27,138
83,56
485,33
49,500
176,336
473,130
428,468
137,253
316,407
166,339
255,397
486,499
246,270
41,0
341,125
493,85
121,18
4,214
39,393
27,30
73,11
44,442
432,247
434,391
454,51
373,112
319,435
41,185
104,376
237,287
101,100
25,103
462,447
404,23
99,497
413,127
250,483
215,255
190,491
338,248
405,8
58,460
95,323
426,263
166,79
312,298
68,160
344,33
253,97
301,85
34,82
491,98
178,71
391,360
43,264
107,407
59,397
250,358
485,373
204,29
477,347
331,407
98,219
391,354
254,448
329,322
392,283
307,415
472,440
188,5
422,338
203,21
202,401
111,403
476,350
169,264
427,93
59,460
124,314
432,279
115,316
173,33
400,165
250,457
145,16
265,206
4,136
179,351
428,168
125,447
249,471
168,334
420,63
331,53
359,203
204,186
80,9
465,370
3,398
403,267
386,356
232,365
475,393
470,356
395,271
11,4
440,445
151,380
224,16
99,439
236,432
461,369
315,96
137,146
97,24
280,476
89,282
250,462
51,213
226,356
135,416
279,318
177,74
324,420
391,451
323,59
460,381
306,402
303,498
414,95
282,4
295,126
406,134
449,128
405,434
122,238
366,237
342,65
331,361
253,334
194,433
456,410
205,421
85,467
103,84
175,378
176,150
221,483
116,390
30,177
298,350
110,41
269,410
51,244
379,451
392,100
408,256
422,306
449,181
326,78
19,336
417,131
138,150
73,98
175,384
131,286
303,443
240,359
498,343
380,311
296,379
66,239
369,488
10,200
218,317
322,86
233,113
38,132
46,213
316,468
231,473
296,305
387,146
363,381
429,462
468,469
315,376
272,204
69,332
473,85
335,112
234,324
485,147
426,448
138,345
46,384
479,464
93,210
297,114
363,104
285,228
1,22
431,319
34,298
380,181
311,253
380,490
441,241
160,243
208,96
154,329
464,325
99,360
91,35
441,276
309,277
221,123
335,54
449,408
7,206
22,260
223,34
32,185
214,87
479,410
500,188
254,417
232,289
203,272
208,305
194,78
365,481
261,445
359,196
61,368
138,350
461,244
460,431
64,192
296,344
410,471
88,131
475,301
460,400
428,174
368,478
174,282
418,274
221,118
119,452
352,182
159,458
304,349
374,24
263,472
128,117
346,350
175,269
4,359
459,83
386,254
224,339
383,320
422,127
294,149
150,207
449,492
144,341
364,166
90,162
325,454
31,68
408,83
371,360
236,19
19,17
45,244
185,165
475,50
371,432
272,483
102,122
295,38
77,384
453,451
51,385
481,382
348,62
111,92
77,276
217,235
74,308
420,270
36,452
262,497
350,183
52,131
114,311
73,62
310,357
109,369
24,399
289,451
444,422
64,135
292,494
435,180
259,142
156,215
28,71
414,396
22,50
163,144
202,500
414,17
445,98
390,196
395,280
216,295
364,353
448,243
232,192
482,279
0,420
319,491
137,188
171,228
186,378
268,369
444,102
403,123
156,239
422,427
150,320
461,118
378,372
374,178
177,107
329,438
33,118
169,210
212,370
366,237
445,239
142,0
387,93
459,490
122,457
393,326
486,365
199,5
109,289
121,7
395,277
495,144
357,288
286,216
222,362
34,176
432,386
3,372
322,36
497,168
457,18
179,30
300,211
397,74
274,348
218,270
158,306
12,432
264,143
228,353
462,448
44,113
376,476
236,135
134,83
400,271
408,91
334,497
16,275
167,398
90,274
456,200
383,262
452,461
417,378
305,322
415,120
241,95
145,391
212,388
493,187
139,146
366,463
168,99
398,83
271,101
156,302
4,37
153,388
82,40
373,124
48,135
69,37
167,54
257,157
124,354
219,428
329,495
488,448
333,18
364,234
35,379
283,181
277,336
92,496
446,220
117,126
257,368
465,141
48,53
403,368
119,144
66,437
347,11
60,429
450,63
86,444
352,303
409,368
122,69
377,26
370,53
319,204
275,437
467,86
446,451
40,460
60,365
113,169
448,280
141,338
208,58
354,306
422,59
369,179
497,280
218,146
43,310
389,191
379,8
391,420
289,307
241,345
150,367
164,210
417,457
469,3
205,493
111,224
236,336
170,336
321,238
106,412
369,307
378,381
294,228
358,20
12,383
24,372
500,474
235,247
41,88
186,197
301,127
81,75
238,376
61,82
169,66
350,302
160,435
482,355
114,73
139,126
475,449
151,366
124,194
391,431
328,334
154,498
185,296
411,57
152,96
195,11
347,470
235,302
135,111
367,219
487,313
444,260
145,434
425,11
443,461
270,112
440,493
97,193
158,443
438,449
347,118
423,262
209,343
9,354
360,320
8,3
221,398
372,44
157,176
209,202
456,485
312,279
20,209
452,386
156,395
301,153
380,356
359,120
315,208
54,438
258,166
180,402
2,430
324,347
345,170
386,158
43,224
180,402
123,378
191,399
349,309
185,204
216,131
426,422
185,128
200,170
27,453
280,139
79,214
315,481
452,135
297,164
171,182
446,275
328,188
278,426
469,39
494,236
123,500
232,251
124,370
194,381
370,471
297,292
71,113
163,190
103,23
316,497
383,222
409,263
30,78
213,327
69,445
94,456
277,178
394,397
116,490
125,449
387,499
239,47
463,13
355,23
452,438
478,309
434,201
467,335
122,447
394,26
12,215
24,127
407,326
313,475
107,247
495,28
246,9
27,207
45,459
7,187
404,473
152,100
259,103
203,295
306,482
146,319
77,285
137,189
163,403
144,479
48,315
343,184
339,366
115,1
220,110
54,36
62,67
343,345
440,362
17,91
376,224
296,300
196,213
450,320
33,221
57,121
114,418
191,374
30,317
313,68
308,48
192,277
483,56
469,64
131,374
499,303
78,220
247,310
181,130
245,323
93,484
314,209
94,6
240,38
214,347
389,466
11,87
393,466
195,156
41,321
455,478
408,221
482,236
156,147
106,304
352,290
290,75
170,131
241,356
358,435
133,375
490,419
9,486
182,315
20,369
112,150
278,146
125,230
337,248
447,186
499,472
85,442
262,206
331,314
496,457
121,455
214,190
2,5
295,127
489,25
12,474
192,147
129,486
383,230
264,310
309,477
187,454
40,353
387,234
315,284
465,12
288,383
499,1
172,86
375,387
78,407
116,413
439,496
96,55
374,222
12,158
143,333
438,107
31,346
160,223
122,261
308,246
468,19
195,119
337,89
124,6
12,174
353,89
78,346
104,52
310,107
250,53
26,388
495,409
89,126
169,30
177,323
136,443
237,110
138,180
475,191
234,203
293,75
167,3
362,235
319,75
242,57
291,180
64,153
296,343
325,141
308,149
244,341
262,476
354,318
392,295
202,36
127,104
488,277
474,155
114,121
493,438
109,231
405,291
134,101
470,42
329,264
277,37
101,443
450,187
189,125
298,46
227,105
293,73
493,193
415,376
8,311
246,408
468,178
125,354
141,464
360,166
272,408
113,239
226,192
392,287
499,271
132,128
183,152
99,183
459,448
310,378
299,159
239,224
168,5
102,337
59,360
221,182
104,165
326,283
348,354
364,151
164,58
367,418
107,387
338,187
337,170
86,203
222,448
363,238
274,128
100,30
163,103
163,156
105,25
406,387
333,7
58,278
195,16
380,486
248,0
412,492
187,250
274,487
151,285
273,471
462,60
422,233
319,384
67,453
401,109
428,148
368,462
103,63
256,297
123,428
419,81
283,297
236,16
11,132
486,223
1,138
75,323
499,319
53,118
307,264
446,486
236,256
52,69
86,50
208,105
48,299
269,222
419,123
83,237
357,32
206,491
114,48
445,362
256,430
19,40
36,208
30,494
393,274
23,270
111,440
487,452
301,207
164,197
482,443
432,58
409,171
67,260
107,482
120,246
397,298
394,279
183,60
84,234
306,324
236,322
136,197
175,156
190,415
326,36
80,188
65,80
162,370
482,191
198,98
344,471
70,380
82,191
360,371
65,20
62,141
144,60
399,146
120,293
477,185
414,90
174,417
463,289
112,323
484,375
297,437
176,198
452,449
233,240
399,398
299,12
189,37
263,206
263,10
70,189
446,376
476,428
500,348
123,396
25,424
392,158
265,22
288,450
43,283
167,199
411,115
305,20
281,132
461,222
272,388
495,245
153,482
415,34
279,284
298,271
308,246
240,439
374,102
117,260
334,477
96,16
136,149
458,161
96,187
365,431
181,369
43,381
397,240
282,211
393,495
43,439
148,212
30,72
298,266
274,334
475,74
45,86
44,260
396,396
44,67
192,425
386,461
24,135
20,214
294,395
89,206
305,381
141,87
55,30
320,133
54,352
255,194
59,354
16,19
353,353
393,218
84,337
469,227
1,378
156,97
256,142
20,243
489,434
139,41
304,486
90,290
232,241
384,132
341,209
433,198
262,73
100,220
279,81
378,319
44,14
152,498
104,24
496,318
221,459
431,233
395,405
394,373
206,83
8,328
199,409
421,30
256,409
232,329
222,18
345,483
416,458
329,457
42,184
297,496
233,295
9,37
152,151
82,157
247,495
349,445
96,110
201,315
495,427
166,326
429,292
431,38
494,379
471,247
32,389
443,357
444,277
68,422
215,431
48,420
307,48
99,83
307,24
434,57
235,192
338,171
142,33
264,457
449,168
16,93
397,170
342,295
104,248
151,124
434,6
399,124
408,68
241,6
120,385
260,181
90,193
384,284
207,443
394,191
84,191
288,384
61,338
388,251
134,90
136,111
174,398
207,494
199,231
51,157
313,308
126,386
476,460
430,307
217,235
411,374
102,111
378,442
408,388
405,204
324,473
115,270
85,225
405,227
268,483
257,373
407,43
155,206
335,296
351,389
242,42
249,212
459,202
449,5
16,7
201,327
46,381
125,73
79,67
257,345
439,306
259,202
455,201
238,80
175,431
9,192
317,287
488,496
189,207
44,286
143,99
231,229
351,352
258,188
348,413
75,376
304,81
120,210
177,245
203,318
23,273
289,497
417,88
470,61
285,322
377,116
453,54
302,304
98,309
243,5
429,124
158,463
94,233
473,480
267,139
301,483
280,267
334,209
396,471
116,149
365,452
233,153
406,235
421,14
222,52
386,384
431,12
196,365
331,433
447,119
25,369
392,322
183,364
199,417
403,108
286,460
395,379
490,124
306,364
297,227
278,378
133,491
161,330
378,222
38,161
13,84
214,59
349,119
284,456
184,181
26,465
159,277
250,94
321,350
351,34
437,388
429,337
450,404
173,395
272,467
94,361
146,214
383,100
364,61
47,247
194,232
423,356
219,24
414,364
361,321
357,304
244,72
247,69
284,63
71,199
497,388
427,123
5,94
60,496
313,191
103,459
28,219
458,66
458,489
74,384
106,70
112,35
428,9
452,282
217,454
55,211
293,19
46,379
144,119
179,197
134,156
487,366
397,138
127,398
485,91
249,345
352,207
163,15
455,454
130,157
320,310
140,441
314,469
21,75
391,257
296,150
467,128
21,225
164,278
38,102
72,279
308,288
154,296
130,464
347,411
188,490
439,104
248,162
223,82
86,328
210,387
49,287
64,193
405,111
158,233
343,426
67,253
378,9
361,481
2,130
47,252
239,92
107,461
259,412
320,257
251,235
389,189
424,55
77,254
433,197
178,460
322,277
167,216
126,439
201,449
276,63
8,487
20,188
154,254
421,316
192,173
204,336
115,253
380,245
417,226
6,179
32,471
142,51
315,322
293,436
249,467
427,183
492,44
112,146
189,182
35,129
175,53
245,188
435,135
370,225
154,252
446,150
162,349
222,182
43,167
170,57
66,59
296,270
97,422
193,78
161,172
11,479
493,28
298,337
394,468
307,253
495,432
342,185
455,459
251,0
95,480
474,158
304,195
95,459
188,382
81,315
310,294
287,60
127,253
264,251
199,207
437,472
255,394
41,123
89,81
67,62
344,490
279,75
164,187
482,427
219,78
391,223
265,5
432,124
380,346
218,324
40,352
107,195
207,202
432,297
475,302
402,129
287,62
276,374
253,340
339,104
107,4
353,229
62,210
394,459
97,496
2,55
113,170
392,355
208,297
404,381
482,62
118,182
319,233
426,283
32,229
445,499
290,389
392,51
437,246
354,197
195,220
203,87
351,329
204,222
374,394
124,173
56,313
138,127
337,439
358,167
421,401
344,97
97,195
416,152
18,70
234,171
257,247
103,47
114,455
305,28
482,428
249,217
102,365
470,430
34,110
137,429
377,115
356,36
113,317
391,34
329,79
329,115
429,170
123,252
192,393
276,154
254,170
236,167
105,21
389,363
258,402
211,148
103,267
474,53
260,487
63,382
469,274
181,185
194,266
311,225
7,456
143,147
310,12
85,71
137,310
139,229
116,118
136,483
477,311
286,146
91,333
464,28
344,368
226,323
380,38
366,41
24,346
467,390
113,266
205,298
484,260
441,200
142,210
363,377
372,79
379,73
319,415
459,16
20,366
452,317
158,193
490,135
269,154
499,221
336,101
495,224
121,51
223,446
358,494
134,159
152,83
386,458
402,327
442,24
417,279
55,456
29,62
230,440
247,4
476,404
61,115
340,227
22,417
448,35
201,65
471,414
148,183
7,20
321,386
308,99
363,459
270,64
141,394
49,204
27,19
104,383
469,485
189,324
441,467
235,52
215,286
384,166
45,460
72,191
368,317
347,121
307,313
488,268
307,451
232,329
424,215
117,459
49,163
145,333
211,240
354,401
263,66
237,222
210,478
247,158
404,420
207,457
212,280
65,179
430,405
205,52
147,6
488,8
432,333
482,303
25,325
453,446
181,13
466,185
486,1
206,37
321,344
31,413
2,382
46,433
250,344
406,151
28,63
130,485
478,212
103,52
133,299
123,23
498,445
315,328
62,482
2,85
166,473
409,208
115,127
498,389
19,450
344,33
330,74
315,176
124,298
95,460
142,475
491,426
424,242
161,123
296,107
382,358
425,310
163,462
195,413
226,284
251,498
218,337
292,148
71,188
483,446
309,28
49,403
473,475
3,295
351,424
489,3
93,280
188,167
311,311
149,424
75,396
11,427
471,234
102,445
460,107
280,138
441,449
274,500
341,461
17,281
382,247
154,289
88,331
37,244
460,148
252,155
165,135
154,429
186,474
112,231
141,265
122,219
124,345
361,494
250,166
393,370
473,95
499,97
407,5
492,468
92,333
46,351
486,396
85,261
226,301
384,233
76,104
198,132
3,227
28,8
199,438
270,397
140,177
154,116
31,337
452,452
74,53
400,13
14,29
175,115
294,428
482,178
17,389
104,106
114,422
214,167
259,5
321,377
166,55
399,217
226,391
345,222
248,122
197,294
326,407
249,236
414,282
446,127
320,316
430,32
367,467
210,112
280,437
175,433
427,137
344,139
300,4
174,233
95,276
63,476
255,70
372,145
145,110
245,406
305,107
94,166
254,89
182,368
165,258
483,395
420,293
40,410
241,468
131,32
190,136
339,323
24,338
337,70
75,23
67,136
259,248
409,122
232,165
491,310
71,471
421,211
394,155
326,421
96,374
155,483
5,154
166,447
450,22
409,220
144,493
230,148
9,162
500,91
454,80
372,408
227,239
133,114
272,3
457,337
474,459
24,467
69,160
255,80
496,318
101,157
115,236
305,0
318,127
285,39
363,6
4,21
213,422
402,290
340,198
157,495
470,389
10,208
458,343
201,174
195,460
484,300
406,250
149,14
76,459
365,289
403,83
378,143
54,114
173,80
31,78
33,158
364,272
359,229
416,416
456,168
339,427
380,83
167,194
112,398
477,419
348,391
317,181
250,450
371,72
400,303
347,419
143,163
170,383
352,310
241,420
333,120
319,58
342,331
117,142
117,166
97,244
437,51
235,314
422,43
200,231
56,106
124,38
368,357
267,183
78,241
65,484
13,53
324,489
104,432
300,212
404,471
164,398
186,258
253,297
486,206
461,388
106,38
402,396
191,197
471,475
272,378
455,259
174,286
170,40
437,454
79,358
285,44
287,445
463,363
401,277
177,119
191,280
267,236
418,358
69,443
264,181
464,89
154,17
24,292
8,181
468,268
398,443
284,204
482,372
295,230
478,284
443,296
222,54
387,125
224,32
81,60
466,353
373,203
17,332
107,25
143,362
371,28
306,221
103,240
91,448
368,474
290,174
148,485
17,64
121,264
156,2
103,465
31,377
166,13
299,47
22,410
250,246
20,476
468,198
82,180
490,401
493,465
404,402
257,54
186,70
101,218
179,477
319,339
10,107
481,198
30,184
173,265
152,181
38,130
108,440
339,151
56,75
332,127
356,391
139,154
155,473
315,384
265,66
147,73
373,401
378,466
479,17
348,434
350,367
210,324
210,157
314,499
136,133
380,452
28,451
480,120
132,19
196,257
486,140
455,31
366,102
300,10
425,441
301,75
48,481
430,93
270,304
322,165
413,340
63,485
153,340
328,397
201,99
416,53
342,72
146,184
216,205
380,349
110,296
324,426
166,264
133,188
403,161
68,22
16,244
387,379
448,489
197,317
193,95
403,99
112,443
456,305
291,33
165,371
488,6
327,67
145,260
221,169
246,313
479,122
301,245
327,449
487,460
301,81
70,308
213,378
217,164
74,291
73,322
195,14
411,106
480,32
495,133
226,136
322,419
463,125
436,477
400,133
466,336
56,206
254,400
448,415
116,415
243,218
469,19
466,40
196,7
273,50
16,354
133,53
69,349
268,139
437,346
154,188
135,458
369,18
379,148
486,382
153,66
388,230
288,100
51,308
112,275
125,278
345,326
265,122
209,276
114,130
385,482
456,415
424,185
458,244
235,58
433,250
47,393
478,286
383,371
414,71
273,395
342,9
431,380
248,342
483,257
328,273
270,70
127,26
320,235
341,374
461,370
395,215
82,449
364,458
231,500
41,284
111,384
55,9
173,42
200,195
215,498
192,392
34,276
54,14
267,95
183,458
45,324
419,395
332,141
388,326
74,270
202,79
216,418
83,439
336,302
70,72
168,190
437,369
1,3
242,323
500,182
203,15
270,251
68,218
97,76
398,491
269,30
274,342
211,156
265,149
181,281
267,45
41,298
48,472
415,93
383,453
277,480
176,470
286,264
169,4
133,480
415,436
290,19
275,291
436,420
32,28
19,201
500,116
41,166
184,445
76,303
460,79
20,196
341,110
179,59
300,202
102,243
127,31
116,237
307,184
350,472
99,443
355,166
203,188
199,231
311,84
238,352
197,87
16,49
235,13
497,111
471,10
355,303
322,409
357,312
52,415
301,305
236,498
268,490
88,181
218,123
382,416
281,394
373,259
197,297
125,499
373,416
55,453
414,492
173,213
270,194
104,207
246,489
119,8
303,435
86,306
23,267
177,227
187,496
400,61
492,224
295,277
208,193
23,70
39,384
429,2
310,6
270,20
307,263
117,295
282,359
169,179
292,369
446,304
190,141
212,331
162,337
187,27
127,488
281,355
294,157
231,383
45,331
313,212
112,180
428,447
19,70
402,305
499,335
162,73
274,338
91,97
134,200
392,112
492,218
364,222
17,127
27,471
489,244
85,353
485,297
26,51
254,53
305,240
224,209
262,239
52,175
161,338
32,360
348,461
399,204
33,472
472,421
123,470
167,313
470,286
446,221
93,480
200,473
37,193
386,177
344,304
465,420
282,263
365,422
476,106
334,13
214,319
246,103
334,394
117,40
485,91
324,203
244,358
222,0
133,377
266,246
426,478
443,214
423,295
130,309
126,254
174,301
443,321
15,223
404,14
360,110
492,273
178,247
239,55
312,23
470,226
154,96
88,111
62,162
388,364
230,323
324,338
332,36
352,260
431,116
453,86
476,179
414,116
57,52
267,66
76,295
287,219
65,418
18,439
234,122
395,214
222,52
458,440
44,24
500,19
256,127
417,24
292,242
348,287
198,375
265,425
4,486
244,83
56,226
43,205
327,197
126,215
62,67
300,78
370,244
168,206
149,151
138,219
372,417
273,214
212,206
492,180
248,322
428,471
29,376
145,193
192,151
296,360
241,158
352,272
80,328
80,396
236,156
336,371
364,11
57,130
245,280
236,482
214,497
303,206
45,34
429,23
157,234
400,143
124,423
482,201
483,356
238,294
392,480
124,308
299,181
233,9
333,348
464,399
64,412
134,270
53,274
167,331
328,145
482,302
175,48
278,419
267,45
18,158
331,493
500,466
358,7
259,19
270,159
96,146
437,100
110,219
219,157
163,461
27,155
165,483
451,248
412,477
445,225
408,378
491,195
356,88
406,101
296,390
267,168
479,496
98,306
257,474
453,46
462,469
400,323
288,347
445,435
323,128
320,69
450,51
6,409
278,78
341,268
496,443
246,236
119,278
433,10
137,205
139,185
416,204
11,487
230,343
371,336
425,476
13,232
463,272
226,212
436,469
354,186
187,75
307,363
353,281
37,281
447,116
443,46
156,418
394,274
38,446
477,216
381,249
291,70
147,164
49,481
303,30
394,469
91,274
322,124
8,99
488,446
415,285
73,211
176,458
179,285
89,106
292,184
86,109
322,0
485,9
479,5
71,437
199,101
151,487
304,390
358,107
386,112
422,405
264,132
135,425
304,227
132,355
491,270
324,304
27,165
140,45
479,298
130,339
110,324
219,32
54,360
351,147
370,93
467,264
475,165
1,235
323,129
104,301
171,300
246,81
306,446
223,192
101,70
45,44
83,287
338,278
499,310
31,302
78,19
429,386
300,460
128,346
275,444
58,218
65,115
74,229
82,350
148,351
413,208
401,220
159,179
260,55
298,402
368,411
138,368
469,68
25,143
146,133
312,399
144,402
422,135
436,79
216,50
373,445
97,408
272,188
223,378
403,228
358,343
378,357
470,324
471,90
69,303
311,418
260,334
141,325
91,432
90,296
66,390
10,92
51,166
361,383
400,87
339,316
150,22
224,266
189,157
404,156
186,472
59,37
423,384
46,382
491,133
98,164
190,401
30,369
261,269
356,36
200,283
331,34
449,293
449,298
138,249
45,151
316,321
437,233
268,431
332,163
391,326
273,96
269,83
10,33
235,59
258,277
48,367
287,236
354,162
173,230
122,262
500,498
454,149
193,6
4,316
404,222
232,470
419,56
384,490
39,338
426,87
389,344
64,153
10,43
372,14
195,472
318,199
212,442
210,250
168,170
167,7
14,100
31,38
250,251
127,155
339,363
469,135
179,418
230,300
463,424
415,129
413,476
354,244
390,283
298,216
53,225
404,487
40,451
459,493
431,368
340,178
131,312
294,490
145,187
487,258
152,323
343,93
245,338
208,309
133,35
240,116
178,205
55,438
73,486
151,64
356,304
384,137
447,366
49,452
334,208
76,489
422,2
101,149
332,102
59,399
374,247
7,287
308,287
451,249
239,304
486,155
70,131
332,7
64,423
282,10
243,65
248,193
30,214
430,301
341,149
102,107
140,143
379,37
358,494
290,442
172,91
236,13
331,148
202,355
145,387
284,182
286,7
4,50
475,438
186,145
107,52
326,497
302,430
192,229
339,297
167,160
24,86
117,406
378,170
472,321
268,489
334,478
23,456
317,468
464,105
114,139
427,198
39,402
302,478
269,200
405,154
66,135
0,92
259,147
218,142
266,292
400,217
14,60
199,263
292,11
226,337
7,272
370,168
42,441
130,398
172,450
299,5
307,484
168,450
403,385
137,409
426,117
434,193
208,407
461,119
267,331
247,141
314,88
222,149
463,495
88,36
221,235
400,419
332,4
420,180
462,442
377,87
157,5
193,289
457,46
60,355
136,137
312,301
266,357
123,116
474,197
312,357
121,442
361,465
110,240
32,59
278,267
56,155
37,446
442,101
263,62
203,445
117,382
169,47
468,2
290,96
188,213
367,487
440,341
23,123
333,203
257,289
205,401
153,271
458,372
197,429
237,397
241,250
190,81
267,184
109,57
357,10
498,292
450,258
135,310
436,190
16,43
374,280
75,166
304,45
192,460
466,408
499,111
404,17
23,421
481,2
183,271
259,321
417,422
330,377
48,119
453,19
192,25
135,417
117,338
343,70
394,299
185,392
152,216
49,483
270,160
106,281
336,155
494,198
157,421
240,407
57,255
173,66
163,8
223,291
413,445
210,363
288,10
183,143
77,475
97,436
66,222
27,160
309,5
72,104
364,314
4,218
335,340
79,466
299,369
220,230
459,401
274,9
11,266
287,63
223,191
402,148
29,361
109,116
97,376
378,459
194,236
363,190
34,22
232,5
354,353
276,224
334,403
284,206
92,256
432,478
243,446
496,367
305,41
27,355
288,56
233,167
186,237
462,33
250,78
192,480
245,482
107,205
491,188
249,404
141,451
66,447
44,227
379,214
8,77
93,198
217,473
194,313
198,113
472,194
6,132
372,307
31,5
462,59
409,162
256,395
386,255
490,270
301,288
204,283
351,306
253,99
29,80
476,100
476,81
204,193
245,237
260,46
232,45
455,163
411,264
95,157
89,451
364,296
52,101
106,226
267,154
497,200
143,121
12,225
39,324
126,209
475,227
411,306
301,419
184,252
227,359
388,456
434,481
435,78
302,286
455,419
245,500
34,259
53,109
133,405
326,458
358,27
122,61
466,274
220,301
242,457
28,141
6,382
14,109
410,440
255,482
32,38
61,393
298,209
366,488
164,356
186,289
275,392
286,495
462,202
160,340
329,353
100,198
45,188
387,50
64,474
92,40
365,270
83,13
134,27
206,447
96,54
380,275
134,6
226,244
493,325
68,196
171,445
56,243
118,346
17,395
68,145
461,248
174,450
43,157
421,192
493,132
298,0
216,180
468,457
417,29
50,381
190,148
22,426
362,477
148,285
69,107
150,397
181,295
95,474
227,475
197,261
50,235
173,234
141,479
138,331
328,186
413,211
157,117
349,412
42,198
457,159
39,96
413,99
150,324
273,265
19,476
261,21
142,181
331,368
458,40
486,144
44,228
500,482
253,14
21,433
6,445
114,163
96,403
174,454
239,250
94,210
28,175
137,377
421,56
208,228
173,440
153,51
111,39
353,2
317,481
483,192
308,489
161,367
220,7
44,30
258,281
84,172
100,479
410,441
138,114
399,155
439,114
16,457
68,426
346,180
249,326
185,177
44,180
94,496
164,282
439,430
351,308
180,362
278,419
145,229
472,196
348,134
92,49
424,147
487,360
195,402
4,221
205,395
30,389
102,169
75,425
318,254
323,484
37,364
148,183
208,3
80,174
84,116
121,354
340,243
69,402
359,431
60,476
224,421
435,2
270,99
360,93
94,22
73,308
389,32
81,52
190,11
109,99
355,12
209,56
58,230
293,115
167,291
352,455
252,465
49,485
116,416
290,319
469,410
317,125
75,371
117,7
158,316
119,16
394,480
40,417
255,499
419,198
21,263
358,180
428,235
28,95
44,3
448,348
87,158
403,67
486,137
38,163
173,219
121,242
325,31
317,103
18,50
129,392
387,403
18,423
148,5
69,156
34,84
219,484
396,4
291,314
32,441
459,410
234,151
132,270
301,237
99,500
299,480
2,297
32,127
473,404
320,450
37,263
209,149
321,479
178,385
50,116
182,336
98,154
322,251
62,445
216,493
293,380
128,339
102,491
434,219
15,78
234,440
36,176
150,38
477,317
45,317
194,231
414,169
310,66
200,228
13,439
216,180
402,23
15,315
366,312
328,249
382,281
378,190
152,2
287,361
44,100
73,74
18,444
226,338
483,153
99,87
342,63
409,87
320,496
355,234
430,128
150,184
489,258
156,341
222,421
322,391
392,240
256,500
312,293
202,307
208,368
176,284
425,258
167,133
34,44
46,353
434,138
271,286
344,243
362,330
17,231
248,428
479,321
52,13
444,110
263,222
237,67
259,248
380,270
316,421
249,25
496,52
228,92
294,133
371,412
32,354
54,129
404,356
14,298
209,227
326,393
55,273
432,321
361,472
357,75
113,361
5,354
377,261
236,363
293,37
428,434
303,110
133,242
66,244
58,477
485,293
155,11
341,125
7,46
360,264
220,85
210,42
141,13
306,244
483,417
184,429
173,56
67,100
366,293
7,36
217,451
480,327
223,211
257,203
459,282
332,319
315,149
74,267
175,256
425,80
267,379
210,172
286,113
2,196
468,188
52,84
211,21
33,153
111,334
182,415
1,108
162,146
496,439
196,411
304,309
271,469
278,465
132,289
368,452
130,29
307,306
37,147
40,5
273,263
93,308
8,143
401,261
452,372
482,8
472,495
430,176
444,475
312,63
143,233
169,117
306,342
375,101
349,118
473,189
430,307
165,20
225,177
455,440
65,26
413,124
66,326
464,294
432,105
180,288
453,493
113,203
337,104
132,114
424,213
64,462
194,89
283,427
199,312
464,384
348,374
101,202
231,313
56,329
175,407
498,42
312,488
116,285
315,424
411,96
436,403
76,205
329,221
200,194
299,65
259,296
118,319
423,363
311,422
381,457
247,148
196,67
416,407
418,33
145,58
440,445
271,151
186,35
42,241
74,37
266,167
112,415
442,73
73,210
139,365
257,284
70,219
156,222
204,317
57,313
399,156
212,20
398,480
131,46
173,405
117,369
290,402
489,155
254,88
292,153
33,329
144,366
397,85
305,374
13,449
324,204
344,471
0,44
447,441
394,14
26,305
464,424
127,367
344,65
412,465
348,166
10,6
95,26
409,289
233,83
337,367
473,249
59,465
456,435
181,500
171,1
379,52
406,207
52,250
38,393
36,487
323,189
384,149
425,407
405,387
328,282
401,348
9,261
237,337
344,89
387,426
106,423
73,402
197,421
128,67
42,304
28,269
494,151
85,334
151,265
351,116
198,446
383,307
268,366
449,454
377,450
118,106
384,338
294,40
250,86
130,411
140,217
448,202
91,87
263,498
344,202
47,407
95,288
54,162
447,473
95,283
110,278
378,261
416,367
7,400
265,254
312,49
427,21
204,83
281,390
35,216
112,222
488,204
72,175
284,411
186,208
422,393
421,142
3,307
470,155
317,193
144,166
209,210
206,389
165,168
96,118
105,371
132,468
264,497
298,323
152,112
224,286
326,64
206,244
385,6
32,266
388,404
449,267
63,385
385,237
85,293
333,342
486,290
200,142
50,296
290,498
88,329
392,114
194,491
174,230
427,355
136,73
223,325
103,467
119,411
146,74
44,499
56,352
164,138
164,15
84,326
221,256
179,231
297,368
208,264
392,219
17,32
449,376
340,347
404,18
476,300
466,189
136,120
232,61
79,172
490,104
37,440
279,52
148,47
342,390
454,338
495,137
323,326
120,183
5,471
82,8
499,443
362,274
365,296
276,295
147,496
376,324
303,392
4,22
474,349
13,92
418,165
98,414
123,185
408,486
499,155
459,442
408,8
492,378
274,405
80,83
84,268
75,34
215,439
95,3
433,415
326,395
299,367
189,281
438,131
417,210
179,285
271,70
476,294
497,197
410,162
204,487
10,54
234,104
237,399
390,441
26,385
461,478
203,190
147,472
223,243
120,347
427,241
261,369
32,443
5,293
478,72
386,332
247,277
295,113
431,301
112,148
171,99
210,491
289,410
254,261
92,482
42,428
300,272
317,94
172,52
246,414
419,272
279,132
271,334
202,283
2,255
24,196
135,499
169,120
123,418
91,114
314,120
458,176
260,103
451,34
360,438
234,94
150,217
70,240
88,135
497,411
178,190
367,282
434,130
61,412
393,26
68,379
489,326
372,179
296,363
235,132
184,444
68,360
47,361
309,270
435,53
13,340
34,190
314,74
250,391
298,389
34,42
216,465
216,421
69,224
11,66
442,376
69,177
2,35
304,22
360,249
107,166
163,399
448,373
479,448
374,5
284,272
135,201
11,470
226,222
257,192
135,384
194,259
214,400
300,57
370,40
483,446
169,13
350,492
372,413
447,175
388,235
495,460
200,359
201,198
253,470
332,93
491,14
16,199
445,14
120,94
310,7
277,81
31,462
487,154
340,417
54,246
24,430
422,449
39,164
239,365
474,70
327,91
214,312
35,102
172,231
434,306
295,260
222,66
90,10
30,39
422,54
330,341
341,412
165,87
381,56
320,344
187,408
268,142
349,240
163,280
390,320
181,28
431,412
404,334
338,74
206,168
341,29
204,476
421,214
357,420
419,174
413,128
176,90
348,24
412,167
386,468
65,274
377,232
213,444
335,477
301,248
108,231
247,468
98,9
318,349
325,261
475,362
323,493
379,21
247,187
101,124
223,84
183,52
467,270
34,179
370,355
58,50
160,19
118,222
144,251
228,203
94,232
151,480
388,434
294,318
111,23
90,208
380,338
76,245
416,16
239,359
468,418
285,443
94,150
391,41
306,84
280,475
37,352
319,472
416,192
491,476
66,500
273,233
192,185
126,195
264,32
275,274
328,433
260,25
346,487
237,486
292,181
278,406
398,325
382,205
242,312
191,484
70,295
156,335
232,30
263,220
302,224
100,350
302,41
495,185
266,463
7,89
296,444
309,110
3,294
487,430
282,94
247,260
268,404
272,224
237,92
254,303
228,16
256,298
498,118
355,79
71,225
270,381
123,51
417,156
297,26
119,340
304,16
360,487
136,213
144,459
332,290
264,346
325,83
213,309
371,409
389,472
293,337
252,55
444,345
383,341
317,235
485,89
243,77
79,21
130,273
178,102
460,356
317,173
320,339
441,13
274,299
469,334
75,343
235,108
488,414
100,204
33,227
5,125
500,453
443,273
370,100
265,30
252,22
280,39
262,416
326,222
318,469
20,222
193,1
414,160
476,96
452,127
161,65
182,499
337,156
61,211
93,432
155,109
0,5
375,295
129,365
474,209
52,465
189,443
360,427
117,276
469,113
239,71
484,373
462,113
461,111
82,300
46,455
37,187
31,282
443,254
218,105
156,7
489,73
239,45
348,4
274,223
389,244
39,346
116,476
395,228
224,216
397,375
103,196
299,106
496,430
142,139
5,101
303,399
477,123
368,449
478,27
238,136
1,89
295,442
390,125
488,65
276,423
452,402
289,142
428,240
373,264
206,227
430,273
105,440
70,191
403,84
72,132
449,172
274,11
293,459
223,465
152,116
384,486
264,494
261,348
110,159
3,469
444,452
71,357
246,30
184,245
466,287
472,274
88,395
101,167
328,191
9,86
480,335
436,254
130,166
35,93
188,96
480,149
85,254
405,337
174,173
162,424
227,343
449,43
242,89
387,60
462,144
24,344
441,143
285,489
278,341
366,209
258,206
282,470
267,405
27,134
437,209
276,256
375,39
41,432
64,265
224,95
176,351
5,494
367,347
42,34
360,430
225,327
369,99
336,459
137,99
52,435
432,498
308,350
223,198
333,61
3,139
266,237
214,162
372,306
216,64
390,303
292,56
169,166
493,206
262,0
454,275
261,246
250,410
453,332
271,401
243,248
5,314
387,269
389,201
446,451
198,173
329,229
484,345
339,457
105,13
145,165
45,106
479,56
403,196
152,414
210,171
240,443
495,396
340,414
272,493
320,89
144,427
402,306
458,242
311,388
18,11
302,246
112,25
260,150
352,312
457,277
140,450
452,370
278,418
85,108
53,187
315,83
31,495
392,73
44,237
458,385
163,0
117,40
468,22
39,146
100,442
207,317
11,370
106,142
443,114
481,339
207,114
73,386
83,140
431,235
18,259
236,146
295,186
256,445
472,256
295,197
274,109
20,293
457,465
467,36
423,244
365,458
359,27
337,403
409,335
78,101
324,190
329,46
49,217
134,274
202,77
229,116
20,497
348,222
455,203
31,368
53,490
89,495
386,136
366,87
129,319
63,460
295,496
22,142
171,325
486,317
394,454
161,50
335,108
293,375
194,6
427,399
31,310
242,142
325,173
121,93
362,191
197,236
163,181
430,40
194,17
186,32
496,472
68,215
44,492
480,98
475,135
245,132
292,236
69,82
399,101
421,372
282,245
490,416
108,32
178,67
390,384
472,36
460,266
290,63
153,365
423,90
474,137
189,217
229,278
84,387
62,232
450,165
407,411
416,440
190,494
152,431
323,346
142,410
498,233
72,23
335,384
153,192
210,332
101,113
63,2
219,441
462,390
6,117
268,325
112,462
388,482
53,348
155,442
153,72
100,349
247,63
171,301
338,230
467,214
87,102
300,117
398,1
54,467
176,158
78,372
11,315
345,129
333,491
28,497
35,249
325,465
424,69
137,381
168,200
100,299
402,152
27,322
340,223
253,419
301,307
257,387
203,496
345,3
363,354
162,293
391,444
313,181
11,339
200,472
128,359
148,110
55,378
301,464
353,45
264,267
342,57
132,349
177,170
134,277
162,260
444,215
406,96
499,247
343,223
22,168
45,13
84,90
357,250
92,151
55,498
122,414
308,409
150,144
84,238
315,23
280,287
82,25
14,474
432,227
63,40
494,104
172,93
36,259
67,471
228,484
288,338
83,120
385,113
493,352
114,372
439,274
411,409
116,63
0,39
371,48
154,227
133,18
193,448
243,220
22,160
194,60
425,126
161,160
168,433
337,283
385,46
36,168
304,492
48,356
216,74
168,207
7,464
191,141
257,360
133,306
11,404
163,137
486,265
467,24
351,128
411,59
392,78
364,56
489,97
124,228
181,367
422,335
358,339
108,0
172,91
199,152
93,87
106,150
116,463
308,490
327,373
106,498
367,277
435,211
385,82
438,303
237,258
162,471
2,188
384,232
100,125
382,487
430,160
234,313
151,48
77,408
411,125
242,472
76,321
406,292
253,145
80,438
38,378
286,333
367,46
246,488
417,411
243,8
143,426
332,240
171,485
476,327
347,441
209,444
12,485
96,261
405,342
426,240
297,127
123,217
139,98
493,242
98,322
440,116
57,249
78,160
221,463
344,167
95,184
216,156
155,448
449,84
121,370
232,89
114,260
217,346
79,412
237,453
301,392
109,279
289,82
56,191
274,105
74,205
197,197
389,484
215,197
482,403
78,300
340,122
370,30
201,206
1,443
21,101
126,357
471,146
489,458
380,350
83,261
443,223
67,3
20,272
30,396
458,454
250,407
110,396
25,250
140,210
305,235
16,375
443,38
62,466
340,149
417,473
115,453
493,149
121,434
408,483
22,14
446,178
266,148
105,370
264,442
304,88
125,143
57,336
180,395
333,153
308,452
424,101
438,118
62,278
105,261
214,385
261,364
218,479
63,78
385,263
226,85
325,86
170,311
299,200
407,305
413,308
69,382
98,442
216,433
481,9
453,444
184,138
401,447
305,474
144,327
41,198
78,347
181,132
300,293
209,132
459,72
137,6
296,254
106,28
302,490
192,444
190,115
31,67
123,62
319,327
445,470
302,285
402,232
347,69
487,493
483,443
499,52
54,455
143,61
389,228
66,383
210,140
241,348
141,206
448,96
71,412
105,439
315,173
346,67
89,325
102,339
285,350
207,217
244,37
443,85
249,309
186,401
253,435
32,457
229,315
153,266
106,329
250,179
17,418
98,94
38,470
26,229
88,14
355,246
254,499
488,474
465,224
140,26
47,460
92,83
447,52
381,173
430,342
401,146
359,207
152,397
180,36
104,396
4,192
222,324
414,299
11,23
324,4
95,57
295,366
54,80
223,36
431,6
433,470
151,470
462,3
200,145
489,103
159,374
257,46
227,472
382,297
85,14
95,213
133,338
184,253
478,85
254,287
258,31
493,203
28,28
426,105
289,337
187,81
405,397
134,190
313,10
163,482
15,353
489,29
330,89
126,196
155,297
16,265
74,363
71,356
43,445
111,209
388,416
124,413
180,361
277,50
141,402
15,32
387,66
8,274
154,87
195,440
136,268
14,13
461,196
103,475
268,325
98,84
214,326
89,447
168,63
275,259
311,174
132,245
237,299
484,55
155,168
334,176
78,450
151,54
495,39
349,478
359,166
7,241
102,357
460,117
378,353
256,215
205,497
44,473
116,170
427,259
127,71
123,419
309,389
86,312
169,9
31,344
401,52
415,9
473,358
139,28
157,188
315,424
88,220
246,66
132,331
141,120
142,97
15,466
134,133
210,25
487,478
271,429
291,427
83,497
106,498
463,54
172,477
0,370
320,383
19,211
282,96
22,335
38,180
213,97
211,335
229,308
71,418
440,68
333,188
129,500
481,490
416,231
418,251
417,406
69,331
340,398
262,220
235,173
313,418
194,284
225,170
396,10
456,4
14,191
289,5
310,34
393,492
172,116
164,445
447,120
209,49
76,128
105,486
443,73
120,29
238,406
138,202
489,404
436,479
137,457
301,21
71,292
291,38
98,210
85,457
268,282
370,476
190,312
73,174
66,381
227,317
152,295
173,436
114,389
359,35
156,31
422,413
36,367
384,139
459,148
14,351
472,22
301,391
479,272
226,473
51,371
419,133
94,351
181,75
70,3
419,232
27,101
16,44
460,271
347,75
71,214
305,56
246,75
282,35
390,36
412,300
92,474
461,407
92,479
134,431
337,203
421,189
383,407
231,383
470,179
25,403
344,476
431,374
356,235
163,468
115,314
385,324
192,192
333,262
406,21
188,259
478,198
459,445
169,340
47,412
416,450
303,481
397,210
125,488
121,436
316,445
131,207
292,397
420,210
32,486
151,416
235,164
383,181
94,116
211,208
270,223
89,488
440,157
41,68
39,459
319,406
435,153
63,2
291,28
118,478
176,168
393,320
402,418
458,5
333,122
457,124
30,356
76,5
112,261
395,370
289,56
319,386
457,56
186,467
445,69
292,440
309,33
436,113
12,3
218,359
430,339
208,408
247,275
485,334
344,276
230,497
470,126
0,5
100,349
265,345
189,38
115,493
448,1
293,426
289,27
108,316
423,483
257,500
206,239
424,154
303,372
342,141
151,11
243,209
403,175
289,403
13,422
325,296
427,314
190,407
176,46
34,138
429,321
458,228
122,18
362,237
437,349
11,233
345,241
381,386
205,12
131,35
64,353
67,9
318,444
494,221
321,324
66,169
8,347
424,363
426,216
197,332
85,54
432,249
165,23
113,80
316,191
374,267
48,264
478,416
63,380
40,463
318,317
233,436
140,347
206,437
352,424
475,162
355,173
232,202
384,189
16,222
445,103
158,16
147,330
66,15
352,151
40,416
362,48
296,261
308,45
440,336
443,74
123,42
273,126
173,291
499,331
15,56
79,5
187,156
252,458
79,274
378,263
248,98
126,151
87,88
106,14
435,211
495,417
246,416
39,122
208,474
359,411
476,422
73,70
333,96
197,361
42,113
433,317
409,17
132,298
172,439
76,131
248,145
401,208
254,273
392,19
339,332
113,450
3,277
155,493
362,249
481,443
182,377
111,493
249,434
271,334
164,378
462,259
45,51
93,179
24,106
212,365
475,303
371,22
23,322
410,36
393,154
252,21
396,303
212,348
433,491
5,245
127,34
254,211
369,397
421,18
425,63
145,115
346,230
95,24
125,467
149,391
78,327
198,127
259,51
353,293
442,437
272,333
79,403
404,462
291,360
84,368
331,229
421,153
116,405
326,14
284,486
358,379
85,319
139,257
278,175
308,62
372,399
409,384
434,60
143,399
391,198
264,441
40,289
376,325
305,345
23,285
251,405
293,377
290,148
385,317
241,417
351,178
188,260
121,31
44,15
399,29
121,171
75,155
71,184
99,126
259,32
177,351
141,43
25,94
20,429
137,268
149,472
277,246
257,308
77,261
92,201
297,242
119,180
459,447
489,332
292,32
131,216
166,287
69,258
328,340
397,476
272,283
113,430
401,173
75,383
335,228
58,415
91,370
488,156
359,169
330,192
461,140
485,377
237,95
200,320
379,175
456,474
17,222
329,263
339,316
181,492
160,456
81,479
342,322
313,326
366,261
253,393
111,376
190,198
494,203
354,367
172,332
100,222
221,11
71,378
394,475
93,441
263,287
165,212
355,63
130,62
307,186
132,268
173,490
18,339
100,403
460,335
310,314
498,12
121,402
256,195
326,248
66,243
309,402
476,442
425,20
464,165
93,408
73,311
275,76
353,96
341,465
284,367
471,443
222,262
94,379
449,330
394,430
320,111
306,481
32,36
115,376
77,83
5,310
96,295
409,242
51,9
295,290
382,47
124,218
414,453
103,153
253,83
299,244
450,94
306,71
318,245
49,191
19,377
143,49
122,359
209,363
401,305
5,103
482,375
68,238
185,410
354,422
176,336
351,42
102,42
458,91
81,100
332,406
142,323
189,414
98,382
450,333
311,156
408,210
462,227
96,47
474,230
129,321
434,265
228,139
84,253
316,29
429,167
276,97
259,93
480,416
135,395
108,9
69,464
255,422
337,10
497,369
333,5
302,114
376,384
87,255
462,421
407,264
240,427
96,475
492,404
6,163
32,8
245,459
170,175
331,100
500,188
216,6
3,330
337,443
424,189
52,225
15,378
27,88
332,370
289,329
152,375
482,2
54,27
437,59
418,23
467,219
152,142
264,428
219,157
30,405
492,429
384,253
218,214
452,246
104,348
79,70
372,265
213,109
93,212
74,18
462,306
60,36
479,82
98,427
65,255
273,475
42,425
43,270
429,51
313,384
13,17
87,221
354,498
202,9
184,321
278,18
352,407
495,66
425,51
156,350
229,395
97,398
200,344
459,419
201,230
50,31
402,233
497,420
205,282
7,380
19,383
10,466
66,154
473,352
205,428
226,196
178,85
212,60
161,414
89,418
220,185
494,95
36,192
297,378
140,92
231,254
16,305
418,418
420,139
32,55
161,189
417,206
459,486
320,131
296,95
339,265
45,285
393,39
44,390
60,290
82,161
0,88
174,203
280,406
179,116
192,341
331,277
112,122
3,125
237,131
216,299
442,231
269,340
117,262
159,240
182,69
267,461
475,288
181,412
223,39
444,76
403,68
389,358
310,313
303,52
96,109
485,458
35,116
23,363
495,488
30,92
308,428
279,433
74,248
223,346
376,246
70,74
334,212
277,249
491,19
128,431
163,240
316,89
267,255
119,91
488,437
492,395
124,114
343,19
487,48
13,357
361,180
489,57
117,272
457,471
316,108
487,214
470,329
171,119
110,270
291,472
171,9
486,365
286,137
184,439
486,296
3,305
291,487
379,253
155,407
462,305
268,266
260,205
67,334
228,57
125,311
185,282
454,232
61,65
446,282
230,307
463,395
420,277
204,106
232,256
165,422
229,86
406,74
63,245
106,85
253,444
155,93
348,304
144,139
464,150
473,347
360,266
243,65
196,182
136,390
68,471
108,245
388,266
465,458
65,68
68,76
241,394
112,487
403,263
377,107
448,360
83,226
386,24
245,29
306,35
223,455
180,353
395,459
467,118
392,121
17,302
174,161
340,73
413,401
1,406
6,114
124,104
404,17
25,122
160,257
390,312
449,280
199,111
444,261
335,138
177,184
76,44
71,238
463,423
207,169
431,163
196,465
439,309
417,283
280,161
333,32
463,343
318,94
77,111
379,138
27,475
48,186
485,111
257,381
434,380
416,238
146,131
40,47
110,466
361,286
192,275
496,423
265,43
359,97
305,325
87,290
80,365
167,155
249,317
5,321
95,239
25,202
101,480
240,355
288,372
302,233
266,213
306,244
136,120
220,75
91,109
75,287
433,400
482,326
142,75
375,2
407,194
258,175
84,455
177,415
402,335
274,59
436,408
371,180
326,223
395,174
392,468
119,369
231,16
23,453
240,106
483,94
149,134
436,103
127,182
51,126
354,183
315,342
105,160
89,133
223,162
234,433
236,188
329,233
90,329
242,5
38,403
221,21
318,404
135,487
484,263
471,116
297,299
297,392
330,246
389,81
340,385
425,463
368,483
184,166
78,484
321,51
138,408
86,393
149,247
68,31
25,189
31,276
38,23
94,441
203,324
431,7
451,20
411,304
189,95
126,142
196,407
278,343
154,164
16,203
471,294
348,432
38,79
221,339
86,449
299,4
419,353
199,292
39,94
350,151
270,19
79,106
290,343
283,127
467,454
261,18
206,369
422,18
96,280
22,319
408,309
237,211
265,348
368,56
39,99
59,226
419,248
386,333
119,240
451,256
357,481
376,362
28,328
201,290
348,468
322,69
30,107
209,481
162,11
156,169
185,262
478,386
104,472
194,311
273,456
487,80
369,260
434,459
118,343
26,353
256,180
420,460
361,98
396,17
225,325
332,326
124,90
75,284
309,120
68,52
289,458
481,426
471,379
259,263
151,317
275,305
479,0
129,70
74,367
173,6
189,205
481,250
293,98
306,301
46,435
236,78
92,370
379,267
295,496
277,95
2,471
224,223
242,284
69,83
320,447
223,232
377,355
140,312
97,315
426,57
377,479
62,439
487,254
87,202
428,131
291,135
89,476
424,215
425,116
476,297
224,295
403,416
137,309
171,264
460,46
396,169
117,10
20,293
173,47
484,322
347,98
186,277
294,351
269,120
422,442
400,286
50,253
175,371
165,40
361,25
133,299
322,21
124,229
140,267
293,266
120,435
22,147
469,44
214,211
162,247
154,365
296,189
337,466
377,121
446,63
500,309
323,341
495,434
156,277
460,173
305,136
278,70
88,292
144,270
355,270
496,298
412,262
189,336
241,171
406,170
349,427
143,476
324,339
409,271
456,358
98,58
145,463
397,408
44,327
163,10
111,400
204,159
130,385
219,152
57,105
456,458
78,413
44,80
109,456
33,420
199,149
378,108
74,296
206,111
28,420
163,174
109,160
465,233
481,1
53,386
497,105
15,227
32,462
58,89
22,340
238,471
290,247
203,95
400,1
87,413
19,131
258,157
79,131
297,0
17,145
395,283
194,164
438,268
32,326
271,24
304,332
293,191
338,263
434,79
174,248
244,165
66,482
198,2
416,256
281,230
289,391
284,199
386,56
423,205
250,345
424,147
241,119
493,19
277,71
332,392
61,487
156,414
2,294
357,403
409,218
466,52
226,88
208,334
230,388
226,39
219,22
448,184
467,233
104,85
283,270
440,262
362,382
430,470
176,233
498,136
301,486
144,160
52,84
316,74
71,412
324,18
0,227
6,149
133,218
317,337
385,167
304,8
79,282
144,176
123,430
167,10
368,272
400,210
425,350
176,64
242,497
11,150
130,270
426,33
122,2
300,441
145,132
31,331
386,245
140,355
488,415
456,17
36,247
398,188
75,486
145,45
89,304
77,120
435,77
158,201
362,117
332,351
89,358
270,433
293,137
70,325
165,329
288,253
230,286
348,431
21,494
476,132
483,151
53,256
437,3
226,91
1,283
399,343
187,151
335,187
331,317
66,333
87,408
303,89
390,185
203,236
341,401
482,274
223,375
237,42
437,15
379,107
4,150
212,33
325,25
258,165
69,437
455,279
467,220
433,225
55,295
131,81
183,44
23,337
335,168
9,453
235,324
47,276
121,357
75,380
275,228
62,34
146,335
449,468
416,329
148,443
231,370
60,468
138,409
483,231
22,476
382,268
381,258
430,343
340,230
176,439
52,443
492,333
183,402
25,385
111,456
378,443
179,185
366,164
373,299
334,397
26,323
13,143
131,157
184,365
187,382
139,441
281,131
334,191
388,473
481,319
257,405
500,390
377,372
145,47
202,337
190,49
478,473
365,143
72,92
272,297
114,360
133,129
134,13
397,482
178,269
337,297
328,363
121,269
472,495
311,427
180,91
484,30
339,156
92,53
57,62
292,138
190,274
214,349
1,17
478,35
257,11
273,140
244,466
471,145
77,262
327,286
478,473
29,416
465,289
196,404
465,432
114,217
181,453
327,320
326,370
212,240
412,41
115,306
437,322
449,343
341,474
183,362
25,381
165,171
25,27
209,4
410,389
52,26
493,167
70,135
226,267
209,364
30,464
130,156
427,456
467,483
111,252
382,282
218,181
164,28
182,205
366,498
363,251
233,409
463,135
403,247
422,456
26,330
426,486
386,194
226,107
25,27
181,206
392,213
385,21
75,469
462,321
1,212
139,349
115,236
91,11
179,14
473,98
253,201
410,473
100,163
449,334
199,344
63,285
374,322
308,221
118,83
376,179
416,190
370,84
304,295
139,161
96,277
385,414
50,60
337,149
465,306
178,74
276,398
382,428
365,251
481,118
464,214
32,213
236,316
269,289
452,364
42,138
107,471
367,412
102,62
22,308
192,327
119,446
457,37
429,72
458,338
385,133
134,18
483,24
290,97
28,471
448,371
396,120
283,18
383,400
43,275
41,439
344,426
363,129
443,388
490,242
16,40
123,377
76,322
473,149
284,334
315,142
107,61
197,362
96,296
115,136
340,404
100,397
385,88
163,415
237,353
14,32
282,467
371,150
391,50
71,168
330,147
386,317
462,103
406,259
201,102
436,168
3,403
309,0
65,365
35,1
244,408
295,251
75,467
122,480
61,351
176,77
284,36
266,331
86,321
327,495
67,125
166,485
344,347
100,128
247,321
342,161
296,190
97,104
315,483
160,402
181,292
342,139
101,329
400,298
400,353
122,61
132,84
45,284
55,6
357,309
218,66
254,132
15,187
9,166
205,196
226,67
418,129
64,215
54,462
199,475
276,349
383,89
495,474
46,374
484,38
489,313
371,100
310,60
85,471
443,318
477,376
307,85
176,51
35,484
419,16
301,369
81,443
370,404
75,68
139,478
85,69
408,288
354,98
209,48
350,217
58,251
120,340
218,216
215,271
483,194
484,345
396,290
233,199
446,220
214,107
120,302
79,387
440,244
373,238
254,113
414,34
56,438
14,76
278,187
346,88
238,219
315,300
365,357
126,255
197,163
23,382
164,406
373,263
131,304
60,486
422,203
270,495
73,20
142,320
494,468
6,26
183,78
363,44
58,68
234,8
480,281
138,269
433,213
209,485
104,480
230,18
200,32
40,345
318,348
313,156
251,85
415,468
54,127
424,152
275,235
335,184
400,413
462,77
301,406
497,217
416,139
488,26
403,491
442,139
233,166
36,467
419,11
4,34
103,268
85,284
193,194
163,371
424,177
368,108
139,122
284,113
460,322
493,362
99,381
100,137
173,344
297,45
419,447
97,327
319,403
465,395
448,45
230,393
117,309
7,122
72,47
168,339
291,85
308,331
320,412
122,423
370,99
310,424
327,144
271,378
358,96
288,101
194,53
416,390
320,235
78,396
498,401
321,256
373,102
135,6
378,236
133,72
59,171
29,427
494,5
163,289
493,489
153,364
302,497
468,351
479,357
425,87
71,471
152,303
211,34
461,151
150,324
116,67
487,455
404,387
302,343
56,4
160,157
266,191
180,356
180,260
392,231
306,106
68,241
331,359
242,75
196,51
147,252
387,113
321,76
173,41
499,479
310,327
166,276
407,57
312,81
432,219
254,367
11,471
74,487
204,396
331,286
289,196
99,449
147,427
100,31
99,111
366,156
258,354
369,333
446,179
170,151
175,75
73,246
185,128
428,27
156,9
479,263
492,397
9,257
333,327
345,251
235,314
490,406
157,91
19,270
441,427
246,207
433,385
83,1
123,378
287,15
146,270
464,287
369,244
283,279
9,306
417,273
475,326
55,216
184,434
361,113
222,402
463,143
425,105
54,22
265,16
430,314
119,68
106,339
29,219
188,456
487,317
228,451
155,195
101,34
400,177
247,176
428,375
458,167
163,48
231,399
370,414
64,300
129,86
55,381
231,160
300,35
264,180
61,377
200,214
94,216
164,302
26,161
350,474
299,439
266,290
20,82
448,233
421,449
442,268
305,25
182,387
151,165
398,476
363,82
22,304
116,105
46,310
438,41
85,259
163,412
200,196
14,195
498,301
50,13
150,445
400,450
218,15
91,419
363,424
134,386
112,2
197,236
408,141
322,109
395,295
417,146
158,308
85,418
299,131
394,362
31,179
91,103
268,68
319,54
85,105
355,210
92,205
442,242
312,141
8,464
58,57
95,395
426,418
210,342
90,212
168,263
286,111
420,369
441,122
263,57
255,199
42,375
221,257
342,185
130,283
31,225
59,0
232,182
103,339
495,99
345,41
96,361
464,24
365,167
63,482
46,23
426,445
304,144
133,205
272,481
276,69
178,66
340,64
195,309
169,342
45,384
0,486
452,316
360,390
267,258
405,191
199,319
177,403
213,272
500,336
90,389
154,130
376,195
206,334
461,215
186,100
350,319
111,378
359,159
271,24
115,133
76,181
74,493
150,188
422,249
323,306
130,66
275,484
175,79
379,494
254,10
411,420
86,233
239,338
456,496
236,232
29,162
244,487
126,60
357,26
343,310
183,163
310,351
33,414
190,286
478,262
100,394
288,444
216,347
416,253
299,115
8,15
112,373
398,445
178,459
27,324
279,353
93,290
157,476
201,146
318,486
203,80
95,314
158,490
235,78
380,213
141,313
142,395
315,215
64,170
265,280
212,301
129,221
106,358
326,426
293,228
499,34
317,0
408,492
215,33
2,265
219,184
480,128
349,318
227,57
214,309
454,483
54,200
345,13
78,91
326,216
418,210
373,311
419,328
212,55
490,259
387,206
77,55
380,393
116,19
79,214
249,408
241,180
395,374
164,283
344,247
396,187
134,407
54,316
131,459
116,120
2,359
120,123
252,38
328,457
455,494
127,444
478,306
351,116
404,58
47,126
267,130
67,401
406,460
439,264
144,256
79,75
91,289
277,22
25,97
171,159
350,348
298,36
169,54
36,397
145,119
248,196
73,169
303,16
91,325
421,437
266,77
69,185
77,300
157,240
311,126
173,97
78,151
449,131
324,366
393,129
417,228
406,95
221,110
297,156
351,82
134,349
196,45
163,35
169,87
33,66
253,235
138,123
41,82
305,319
67,98
152,278
145,181
135,95
374,430
242,402
110,454
63,320
462,335
385,195
450,167
162,2
221,56
162,372
1,115
443,450
229,38
498,484
4,423
415,407
381,168
426,468
481,415
24,142
475,49
210,146
17,206
339,32
420,274
203,407
350,79
219,326
196,416
113,435
77,444
94,297
14,344
63,469
327,484
489,402
433,201
216,70
101,215
102,59
385,238
373,50
459,339
393,22
409,152
289,484
277,241
292,214
192,89
252,55
427,229
359,338
183,461
284,385
35,275
42,46
435,461
111,256
18,237
132,471
114,2
476,125
280,242
218,301
381,322
309,294
445,473
461,80
109,416
211,183
108,196
486,41
351,461
169,411
253,375
65,485
61,430
284,385
364,20
194,443
437,203
299,291
60,406
256,155
290,392
291,119
344,460
252,262
426,25
61,209
434,435
214,150
126,402
170,36
137,290
243,294
188,114
397,343
416,239
261,5
338,498
356,151
378,108
64,156
467,59
226,240
361,13
229,388
383,340
83,105
73,127
29,227
310,27
165,153
103,147
190,148
310,310
354,421
306,125
394,46
441,161
418,363
364,28
478,150
6,239
145,427
132,409
451,244
208,59
236,45
380,442
283,349
498,231
286,432
167,412
381,340
490,424
184,466
111,150
21,317
399,360
405,267
485,108
458,428
109,481
282,161
333,473
406,487
87,71
150,20
451,222
337,500
456,229
211,300
129,153
384,130
260,460
469,311
458,493
394,445
222,89
498,73
161,327
407,234
403,169
321,379
140,282
115,214
175,93
415,489
314,190
97,225
125,345
318,440
453,30
102,168
301,29
135,69
234,429
489,283
166,470
319,274
483,60
407,70
73,413
22,82
449,488
149,210
376,273
355,484
439,153
192,294
218,281
283,93
459,395
201,83
400,13
318,397
109,207
437,233
394,327
393,421
322,323
38,349
292,414
26,406
417,96
450,133
206,345
442,256
88,312
439,490
48,167
66,471
246,206
466,149
0,170
88,443
376,399
302,293
330,268
427,417
223,254
468,243
87,326
196,11
173,39
79,60
201,345
62,339
382,482
394,317
266,298
131,18
439,266
37,231
467,198
125,204
140,387
171,108
340,58
456,143
231,349
6,433
458,249
395,264
370,374
118,182
236,176
29,90
358,462
138,12
465,357
388,463
184,314
79,439
56,147
383,180
293,30
16,169
238,229
439,182
397,187
495,455
487,439
258,260
484,180
341,471
249,57
468,223
232,431
142,301
94,152
273,423
298,209
168,427
428,173
408,303
17,87
375,364
376,175
249,303
23,286
349,213
416,124
180,197
341,171
322,171
36,304
90,123
182,362
120,2
309,144
244,27
150,189
451,166
94,465
75,77
325,322
287,10
136,104
390,395
270,37
339,56
332,473
34,391
170,36
28,12
53,455
158,52
118,283
467,335
446,17
299,180
181,204
25,420
440,3
468,360
359,2
451,302
234,234
7,5
17,47
349,478
189,61
58,248
313,79
257,15
486,293
278,247
338,500
232,428
476,417
272,199
78,126
137,412
396,450
12,248
498,128
48,123
71,30
210,73
40,413
339,441
454,104
344,100
467,324
75,86
239,101
411,432
258,83
316,350
421,125
444,184
287,24
205,96
493,298
59,310
496,267
377,196
200,424
322,110
30,455
303,314
124,165
382,453
18,374
500,304
119,500
216,380
134,90
464,475
78,24
444,295
173,81
493,311
357,310
430,7
249,13
35,274
446,6
454,314
38,195
182,411
199,107
481,493
58,273
169,281
489,298
494,52
443,2
223,460
208,385
489,84
180,211
8,86
10,109
414,98
107,121
69,348
283,104
477,244
437,197
445,313
333,417
220,186
21,473
423,162
120,159
420,101
284,352
208,2
325,8
348,416
237,61
413,465
54,472
244,76
234,425
466,118
365,171
351,166
359,447
48,203
16,460
244,215
100,445
326,298
443,403
94,97
239,270
462,301
392,295
170,94
337,13
302,149
179,279
260,126
187,94
42,273
460,1
83,145
385,449
382,482
65,163
245,323
229,44
410,127
282,288
111,241
467,177
202,218
286,378
149,228
107,42
14,91
137,28
268,294
152,75
427,260
190,438
378,396
320,443
236,404
154,103
84,487
490,368
83,450
371,222
372,385
325,423
199,453
498,240
218,404
321,270
207,306
443,191
243,474
77,496
3,362
487,225
60,360
333,482
314,329
481,195
81,494
137,42
200,157
9,184
231,150
232,393
239,334
271,270
334,61
424,498
499,100
388,442
182,355
144,327
390,355
283,403
472,338
12,366
248,407
356,31
322,467
425,450
45,267
378,350
67,83
45,306
152,326
24,6
408,383
443,61
281,22
248,188
272,310
306,48
378,242
206,160
402,428
299,88
207,372
498,176
159,14
411,24
314,332
358,274
137,369
8,289
409,392
200,401
124,317
146,62
281,16
106,415
424,439
364,304
483,269
255,17
254,178
219,475
386,145
164,350
2,406
329,55
2,445
412,264
116,72
391,488
318,197
394,436
277,258
117,392
337,362
78,206
140,404
306,355
78,182
363,11
107,369
198,192
49,118
75,99
452,138
306,4
338,277
103,103
422,381
96,354
353,292
196,318
171,416
466,162
287,69
498,431
463,51
413,51
323,75
351,399
157,287
202,130
347,172
313,89
58,260
66,110
190,289
99,72
12,6
288,146
307,393
245,19
139,124
90,368
443,31
92,477
309,440
438,379
150,427
230,126
241,163
3,193
85,317
330,345
137,488
457,426
498,381
79,83
497,383
96,106
18,338
276,217
400,145
34,169
410,196
404,55
173,324
385,363
458,57
146,305
115,65
130,35
112,459
140,134
213,168
227,65
481,372
406,265
298,226
160,176
351,393
174,411
64,176
9,57
389,56
98,76
354,154
345,31
254,221
474,401
368,11
288,15
474,384
234,42
340,218
307,443
234,190
393,472
11,124
52,133
301,95
242,222
72,491
80,107
349,430
254,336
418,318
4,9
247,121
17,426
406,2
144,157
190,491
409,177
361,170
97,281
158,216
49,133
370,133
99,486
182,87
343,34
78,158
364,235
260,298
104,498
187,160
331,497
421,351
497,100
282,168
147,436
499,147
361,247
267,391
112,471
68,257
47,497
45,4
248,83
101,86
85,160
58,84
195,211
459,235
183,128
165,276
173,160
169,28
123,126
85,353
286,313
11,201
265,201
103,432
182,236
268,404
369,355
451,336
318,155
262,184
229,270
373,360
153,253
102,484
180,332
42,350
76,68
171,445
421,99
259,51
310,390
400,38
282,164
236,32
20,83
379,356
42,116
258,180
140,312
170,243
355,126
469,424
381,308
466,456
289,138
359,13
346,333
134,22
133,420
347,340
260,38
472,417
308,497
86,331
230,5
331,376
188,136
43,381
117,66
185,25
379,464
449,102
284,150
267,252
65,300
400,383
392,362
398,468
280,175
195,179
38,56
250,441
440,471
432,331
214,389
336,0
54,290
16,48
487,208
474,328
392,275
398,123
250,361
263,416
35,101
212,27
158,248
120,219
44,194
60,146
340,394
330,29
158,473
489,103
116,456
388,472
279,141
76,289
35,80
364,439
267,184
209,441
54,55
184,239
338,314
18,341
420,170
335,112
116,434
443,330
290,15
314,463
434,101
210,150
134,186
238,422
157,252
360,191
211,171
316,226
434,178
114,264
424,155
238,44
111,325
395,232
377,128
294,286
256,272
21,31
353,248
447,497
8,12
167,261
409,445
280,236
473,305
254,325
421,85
42,232
387,85
69,197
312,390
297,434
10,477
367,63
85,297
138,211
30,304
267,347
264,389
254,420
324,97
399,219
300,72
455,278
346,146
132,226
193,32
260,52
428,40
465,332
432,154
301,333
366,61
308,32
361,245
8,322
196,109
250,469
293,95
25,319
461,66
312,379
370,336
447,415
361,305
387,274
286,195
407,179
85,35
16,489
315,489
421,58
363,425
445,244
26,231
3,372
339,111
73,172
52,304
301,332
65,107
160,197
5,212
60,322
393,464
426,428
143,15
409,280
486,18
123,339
496,269
271,415
232,228
412,412
223,90
398,212
14,258
420,72
239,470
221,306
189,88
383,197
403,334
31,4
176,481
444,42
418,378
490,115
354,267
381,351
15,150
324,238
3,107
34,152
126,314
101,224
405,68
483,0
416,88
400,408
243,460
286,460
177,25
151,426
423,489
278,457
170,150
294,83
61,112
339,378
474,277
421,109
426,136
374,284
47,454
118,48
292,344
238,11
465,272
198,13
276,89
467,217
190,358
402,2
187,51
484,95
119,313
230,103
129,89
16,204
434,209
318,295
498,138
197,219
392,494
316,497
375,66
150,386
102,499
53,415
39,171
66,337
187,492
45,205
400,33
492,453
60,177
335,461
463,185
460,129
486,119
493,80
101,306
251,457
345,24
62,453
375,356
273,414
71,274
15,134
121,47
275,146
170,190
68,207
425,477
267,486
271,349
8,255
57,332
157,80
26,380
152,87
261,5
69,404
225,221
281,481
121,172
105,385
400,462
427,20
209,28
172,399
290,407
366,215
82,311
288,377
139,364
86,174
38,405
61,406
37,133
70,53
461,287
390,407
437,207
377,132
220,23
419,473
98,99
389,430
29,120
70,209
418,366
114,401
219,136
61,480
492,373
309,459
301,369
260,340
78,142
379,276
443,210
85,169
28,359
297,80
193,35
299,396
422,461
10,57
64,249
97,247
224,376
204,45
263,53
146,18
314,76
58,334
317,382
273,259
116,26
383,282
260,461
332,2
259,380
41,145
165,35
224,250
50,453
61,329
62,110
313,467
48,308
484,63
263,358
117,61
357,415
490,374
333,324
454,425
119,303
17,139
270,40
268,303
138,204
386,174
3,154
429,115
129,416
51,496
116,304
375,435
0,350
332,141
153,300
474,267
183,332
18,102
463,368
204,303
86,51
413,281
198,29
10,155
471,46
70,409
126,78
417,141
279,160
74,283
254,190
228,392
488,141
246,155
56,197
426,253
48,69
408,38
1,84
456,73
248,348
62,251
485,300
320,317
497,155
120,447
453,204
207,137
388,334
452,260
108,45
218,126
333,151
227,33
407,295
91,70
3,86
128,56
252,429
107,335
448,267
472,0
485,482
453,124
109,103
257,265
337,315
215,131
354,377
9,375
308,211
41,118
108,356
178,441
340,330
103,335
70,403
118,10
91,107
45,89
142,160
128,10
172,20
429,470
424,53
79,94
284,224
38,411
204,333
375,486
41,405
155,480
140,352
149,89
345,70
185,345
134,296
456,76
224,32
491,175
390,365
197,480
250,180
18,497
4,94
302,393
206,126
47,258
361,437
476,416
60,388
367,288
186,357
346,105
4,54
408,69
373,234
281,119
258,277
294,448
28,207
453,193
92,162
433,479
92,54
251,85
336,373
22,444
430,22
9,483
87,300
21,135
38,72
154,295
443,365
451,112
423,211
456,449
115,142
351,32
226,207
197,406
168,82
278,447
101,378
190,295
187,119
266,403
412,209
232,427
138,97
309,394
496,136
252,135
1,391
376,254
48,440
152,318
181,165
46,75
257,401
341,5
267,253
127,211
412,477
340,54
279,64
486,29
244,226
48,60
462,225
389,163
76,297
127,245
97,419
246,388
404,458
73,7
481,282
200,94
152,367
487,307
290,50
342,75
34,143
242,356
477,199
219,195
310,371
267,258
122,318
452,44
46,212
124,53
114,478
439,83
117,414
193,343
337,196
108,287
278,301
341,483
261,53
439,387
154,146
431,131
71,482
135,346
9,117
301,89
463,137
435,124
102,124
496,490
315,100
270,120
464,93
358,435
238,200
62,171
118,280
137,374
87,3
202,140
167,89
232,236
255,278
248,489
173,260
43,8
215,307
178,97
402,367
234,1
403,425
94,188
199,471
374,147
255,36
71,278
168,145
353,289
349,277
363,374
306,498
401,428
419,234
400,256
52,49
238,68
236,379
262,154
354,27
182,285
187,140
122,334
251,155
215,174
97,153
86,423
349,148
411,277
29,67
492,395
301,40
42,229
32,177
405,251
293,21
453,401
397,15
9,350
385,456
160,94
81,37
65,133
10,449
381,326
336,416
437,448
429,152
228,270
396,244
215,321
452,15
248,329
165,125
362,209
73,394
430,481
143,444
155,166
67,283
216,375
444,440
297,59
153,30
186,314
157,150
113,87
415,172
461,488
352,188
341,430
178,191
47,190
59,345
394,107
359,65
169,368
39,334
220,105
77,331
210,128
353,304
203,203
67,363
433,240
393,315
12,371
254,185
248,295
336,203
188,283
127,288
62,433
135,429
339,429
288,156
231,31
297,305
417,300
237,190
265,477
221,444
135,72
118,451
229,438
156,107
69,397
137,5
228,192
306,409
494,101
222,227
368,101
148,290
31,435
371,384
326,248
344,307
186,338
82,254
499,367
226,21
355,313
487,322
423,213
57,52
17,466
106,423
217,465
29,171
108,153
101,363
391,149
9,7
360,463
274,419
13,305
136,408
10,302
54,24
416,266
356,266
48,411
168,0
218,455
117,383
362,14
229,406
9,193
207,140
89,137
316,162
418,189
4,492
296,224
52,350
298,84
203,412
368,163
275,139
22,347
133,30
140,216
244,199
14,193
365,404
275,192
95,8
76,332
141,490
83,375
87,70
436,280
309,158
177,400
320,355
238,202
15,356
242,118
361,183
286,250
54,305
105,306
307,394
135,150
455,405
257,372
325,186
180,295
236,390
460,77
15,168
333,472
170,385
158,23
202,8
425,259
39,458
87,195
239,188
430,120
208,343
177,456
419,418
409,49
64,500
137,58
294,53
226,128
153,338
472,97
267,241
263,300
83,217
485,337
131,476
315,267
284,203
6,256
417,165
240,248
263,131
447,4
399,292
488,263
262,309
408,57
339,125
69,120
439,120
213,141
6,119
189,209
12,448
500,474
495,258
277,376
148,410
429,47
224,444
131,25
126,249
477,35
35,302
294,94
226,125
168,319
486,31
496,167
420,127
50,65
243,409
291,235
330,265
301,125
195,273
95,34
83,187
312,461
193,220
500,165
431,132
67,54
5,476
300,374
389,493
339,109
398,209
89,500
196,170
423,12
384,17
121,215
115,435
111,193
369,59
296,355
52,483
136,38
51,442
123,2
269,374
31,57
421,85
14,138
463,101
90,291
370,339
355,453
409,104
443,222
242,116
336,73
409,486
400,25
32,71
452,58
26,112
496,203
156,121
417,119
73,436
438,197
140,42
169,24
223,343
307,304
463,178
269,38
409,321
206,308
329,463
2,434
468,489
432,319
272,266
241,381
306,334
224,110
237,463
283,404
40,242
89,332
315,91
269,15
120,181
284,231
301,324
249,452
66,192
336,13
74,244
151,487
308,487
469,63
482,270
488,237
256,239
366,118
9,475
143,134
182,226
206,2
434,370
439,260
422,395
256,477
178,197
170,228
179,231
154,485
348,106
49,251
42,166
13,178
91,246
19,313
336,51
126,475
160,157
377,487
34,228
17,118
238,183
43,205
250,192
471,207
331,161
158,136
170,251
195,350
52,162
433,125
427,267
460,29
451,321
356,398
112,424
340,448
272,348
375,159
489,179
27,363
264,0
230,72
226,270
450,357
297,22
374,236
69,11
105,329
217,77
12,169
304,388
5,53
300,30
297,467
201,141
484,73
390,440
465,310
195,311
364,51
89,2
15,444
185,10
387,211
68,76
412,304
166,442
253,37
319,223
320,216
335,500
456,393
139,370
255,45
425,208
374,203
207,181
367,233
371,211
300,179
290,234
96,33
378,368
394,130
445,333
441,6
229,405
307,91
385,391
343,136
121,500
117,134
265,482
257,80
492,247
229,296
105,13
379,175
225,196
315,176
400,473
473,428
449,358
55,230
224,360
2,421
32,484
18,494
465,368
189,176
46,304
77,151
67,309
474,442
23,163
280,249
315,366
309,99
8,73
185,205
104,373
438,102
121,401
214,426
89,135
387,76
161,333
78,470
236,367
274,279
116,226
499,371
178,245
326,295
471,481
496,30
61,491
60,173
207,89
164,300
272,60
352,391
184,230
368,344
440,185
341,430
339,6
331,124
161,76
323,202
284,423
258,177
372,349
171,325
111,452
392,359
56,107
437,198
471,222
195,261
142,21
6,157
67,303
234,252
335,167
96,385
45,17
132,121
455,195
422,340
457,351
36,124
438,459
409,64
65,68
183,439
276,151
339,259
456,378
5,210
228,389
443,475
485,3
478,143
87,393
32,266
369,193
71,114
58,73
19,411
363,311
266,222
50,103
80,204
452,157
51,271
31,40
175,143
34,274
174,273
77,175
119,199
87,345
22,440
17,99
309,408
128,101
413,388
167,390
241,244
188,412
317,110
335,440
433,106
314,79
368,256
206,283
383,195
74,66
366,264
25,81
185,281
169,336
346,472
394,351
76,485
66,194
382,278
100,221
189,15
200,31
197,129
65,497
415,429
176,157
82,184
339,329
240,9
110,31
362,140
21,208
391,373
144,336
26,386
297,461
351,434
114,203
149,10
57,480
328,2
77,181
276,166
277,324
19,430
84,362
179,62
243,350
62,168
288,220
437,277
34,479
234,319
327,156
2,314
287,107
169,125
67,246
200,95
225,448
125,368
266,268
5,277
186,129
480,316
26,373
95,379
351,53
33,59
198,202
119,239
145,196
261,480
127,400
28,184
6,105
85,458
357,500
363,256
403,146
359,490
497,485
387,417
121,245
82,110
83,106
158,197
353,289
440,155
134,290
76,309
203,27
342,226
39,241
97,388
68,325
455,60
251,296
244,112
31,84
338,316
182,196
330,205
215,259
84,420
216,443
261,311
337,150
195,43
12,23
25,283
292,198
315,459
228,6
348,318
249,383
407,306
221,231
480,300
111,37
336,244
5,167
272,168
437,452
410,43
292,112
354,190
196,69
344,116
416,176
413,256
366,359
330,294
16,421
82,44
82,123
190,230
473,394
220,192
348,213
170,357
361,5
37,67
169,319
191,144
265,488
5,23
453,27
419,106
225,302
182,322
446,264
446,69
235,280
364,118
500,443
189,321
496,431
494,87
427,499
406,204
207,486
408,417
135,389
262,135
363,260
128,497
93,223
83,29
179,37
460,361
451,353
178,389
96,208
432,340
457,111
30,137
434,25
12,326
111,344
29,184
49,268
419,195
427,99
155,59
292,68
393,244
245,255
23,444
469,377
283,451
487,118
80,253
300,164
27,464
177,22
280,36
66,391
281,131
341,100
138,55
181,207
439,141
75,411
121,142
144,365
87,205
355,29
214,46
497,39
495,45
401,388
459,194
328,346
201,486
234,334
376,271
221,459
231,141
241,313
279,488
266,19
12,245
413,442
120,412
178,127
159,206
134,120
351,60
226,188
331,107
256,38
483,281
99,32
353,405
456,335
471,346
76,12
185,427
359,323
442,48
280,30
486,50
193,481
25,499
199,184
273,111
483,277
136,20
371,208
89,319
73,268
333,312
435,228
338,209
486,74
317,336
329,202
32,476
2,111
323,135
167,249
181,470
14,73
288,492
463,433
146,394
155,445
349,359
485,475
245,474
474,475
10,218
446,284
122,364
57,185
466,403
345,212
96,12
212,488
286,449
257,493
13,256
28,172
37,98
397,422
437,61
418,217
405,312
272,59
102,78
3,162
185,167
441,491
137,311
412,114
31,213
126,216
169,406
368,166
165,32
158,194
410,356
396,60
82,180
312,311
35,106
498,444
370,292
278,181
3,381
157,117
473,345
409,139
54,161
270,99
432,480
